ID,名字,品质,英雄类型,技能ID列表,组合技能ID,模型ID,职业,种族,性别,描述,获奖感言,基础战力,成长系数,荣誉碎片,觉醒次数上限,神殿出现概率权重,神殿元宝刷新权重,神殿兑换该英雄的花费,招募权重,武器进阶先攻,武器进阶防御,武器进阶闪避,武器进阶王者,怪物副本用到
1001,主角1,4,1,0,0,1001,商人,人类,男,这就是你啊,,300,18,0,5,0,0,6000,0;0;0;0;0;0;0,1,1,1,1,
1002,主角2,4,1,0,0,1035,法师,人类,男,这就是你啊,,300,18,0,5,0,0,6000,0;0;0;0;0;0;0,1,1,1,1,
1003,主角3,4,1,0,0,1025,剑士,人类,男,这就是你啊,,300,18,0,5,0,0,6000,0;0;0;0;0;0;0,1,1,1,1,
1004,主角4,4,1,0,0,1002,武将,人类,女,这就是你啊,,300,18,0,5,0,0,6000,0;0;0;0;0;0;0,1,1,1,1,
1005,主角5,4,1,0,0,1014,舞姬,人类,女,这就是你啊,,300,18,0,5,0,0,6000,0;0;0;0;0;0;0,1,1,1,1,
1006,主角6,4,1,0,0,1010,运营商,人类,女,这就是你啊,,300,18,0,5,0,0,6000,0;0;0;0;0;0;0,1,1,1,1,
10001,雷克萨,1,0,10001,0,1003,猎户,人类,男,不知何时就和你成了好友。,狩猎开始。,307,10.5,15,3,0,0,660000,1138;210;255;300;0;0;0,1,1,1,1,
10002,莉莉,1,0,10002,0,1016,炼金术士,精灵,女,精灵族一般不允许研究炼金术，但莉莉是个例外。,你会喜欢我的新发明的！,146,8,15,3,0,0,660000,1138;210;255;300;0;0;0,1,1,1,1,
10003,克罗达斯,1,0,10003,0,1017,音乐家,人类,男,迷一般的身世，音乐也是他的战斗武器。,我会为你弹奏最美妙的乐曲。,188,9.7,15,4,0,0,660000,1138;210;255;300;0;0;0,1,1,1,1,出战
10004,艾丽娜,2,0,10004,0,1004,剑客,人类,女,为了精进自己的剑术，离开故乡，开始了漂泊的生涯。,你的剑就是我的剑。,225,10.8,50,5,0,0,100,178;50;70;90;8325;462;0,1,1,1,1,
10005,守护士兵,0,0,10005,0,1128,士兵,人类,男,一个普通的卫兵，看起来和其他卫兵没什么两样,有谁需要守护？,85,8.6,5,3,0,0,660000,3105;250;225;200;0;0;0,1,1,1,1,
10006,利刃狂战士,1,0,10006,0,1127,战士,人类,男,曾经效力于一个名为“黑手”的组织，但是“黑手”的手实在太黑了。最终组织被迫解散。,我能需求这件装备吗？,121,10,15,4,0,0,660000,1138;210;255;300;0;0;0,1,1,1,1,
10007,持刀护卫,0,0,10007,0,1128,士兵,人类,男,城市中最普通不过的护卫。对于那些凶恶的不法分子，他们通常的处理方式是，假装没看见。,你不能通过这里。,105,8.6,5,3,0,0,660000,3105;250;225;200;0;0;0,1,1,1,1,
10008,静怡守卫,0,0,10008,0,1021,士兵,精灵,女,发誓效忠于月神，但由于相貌平凡最终成为了月神偏殿的卫兵。,月神会祝福你。,95,8.6,5,3,0,0,660000,3105;250;225;200;0;0;0,1,1,1,1,
10009,黑盾武士,1,0,10009,0,1127,奴隶,人类,男,黑盾武士是贵族们付钱召集的肉搏的奴隶。他们其实通常不装备盾，主要武器是长刀。但为什么他们被称为黑盾武士呢？？,如你所愿。,116,9.6,15,4,0,0,660000,1138;210;255;300;0;0;0,1,1,1,1,出战
10010,无垢者,1,0,10010,20012,1051,奴隶,人类,无,无垢者没有欲望，没有恐惧，甚至没有姓名，他们活着只为杀戮。,我的利刃为你所用。,166,10,15,4,0,0,660000,1138;210;255;300;0;0;0,1,1,1,1,出战
10011,长弓射手,0,0,10011,0,1022,弓兵,精灵,女,她擅长使用长弓，在很远的距离就能一击必杀。,瞄准……,90,9,5,3,0,0,660000,3105;250;225;200;0;0;0,1,1,1,1,出战
10012,魔法学徒,0,0,10012,0,1003,学徒,人类,男,他努力的学习，学习，学习。他找不到工作。,你能教我这段咒语吗？,95,9.6,5,3,0,0,660000,3105;250;225;200;0;0;0,1,1,1,1,
10013,可爱的小男孩,0,0,10013,0,1097,熊孩子,人类,男,不知道是谁家的孩子。他似乎觉得冒险很有意思。,这个是什么？,60,7.8,5,4,0,0,660000,3105;250;225;200;0;0;0,1,1,1,1,
10014,路边的小女孩,0,0,10014,0,1098,熊孩子,人类,女,不知道是谁家的孩子，让她加入真的好么？,陪我玩，陪我玩嘛。,65,8.2,5,4,0,0,660000,3105;250;225;200;0;0;0,1,1,1,1,
10015,努力的平凡人,0,0,10015,0,1131,打工族,人类,男,他为了心中的目标一直努力着。不知道哪天他才能展现真正的潜能。,我会努力的！,55,5.6,5,5,0,0,660000,3105;250;225;200;0;0;0,1,1,1,1,
10016,拐杖老者,0,0,10016,0,1140,忘记了,人类,男,他已经非常老了，总是拉着你感慨人生。,人生就是一局棋，有进有退，有输也有赢。,75,11.6,5,2,0,0,660000,3105;250;225;200;0;0;0,1,1,1,1,
10017,闲逛婆婆,0,0,0,0,1144,忘记了,人类,女,她做了多年的家庭妇女，总在你耳边碎碎念。并且热衷于为你介绍“对象”。,你也差不多该成家了啊。,89,10.6,5,3,0,0,660000,3105;250;225;200;0;0;0,1,1,1,1,
10018,女佣,0,0,10018,0,1118,女仆,人类,女,放着我来！,放着我来。,85,7.3,5,3,0,0,660000,3105;250;225;200;0;0;0,1,1,1,1,
10019,滑稽小丑,0,0,10019,0,1119,杂耍者,人类,女,她的梦想是成为明星，但她只会讲一个笑话。,一秒变格格。,75,8.7,5,3,0,0,660000,3105;250;225;200;0;0;0,1,1,1,1,
10020,酒馆兔女郎A,2,0,10020,20003,2041,陪酒女,人类,女,她热衷于各种名牌包包。如果你愿意送她的话，她就愿意做任何事。同时，她是A。所以她似乎从来没有收到过什么礼物。,有什么可以为您服务的？,183,11.1,50,3,0,0,100,0;6;9;18;0;0;0,1,1,1,1,
10021,酒馆兔女郎B,1,0,10021,20003,2042,陪酒女,人类,女,落寞贵族的女儿，父亲在讨伐魔铁巨像的战斗中阵亡了。至少她自己是这么说的。,有什么可以为您服务的？,169,11.1,15,3,0,0,660000,0;8;11;22;0;0;0,1,1,1,1,
10022,酒馆兔女郎C,2,0,10021,20003,1120,陪酒女,人类,女,她在形象方面下了很多功夫，不明白的人总会以为他是英雄级的。,有什么可以为您服务的？,169,11.1,15,3,20,20,100,0;5;8;16;0;0;0,1,1,1,1,
10023,酒馆兔女郎D,1,0,10021,20003,1158,陪酒女,人类,女,她擅长唱歌，但只在喝醉时才唱。不过这都不重要，D才是重点。,有什么可以为您服务的？,188,9.7,15,3,0,0,660000,0;7;10;20;0;0;0,1,1,1,1,
10024,皇家女仆,2,0,10024,0,1118,女仆,人类,女,她很贵，并且只为出的起血钻的人服务。,放着我来。,228,11,50,5,20,20,100,178;50;70;90;8325;462;0,1,1,1,1,
10025,天才少年凯,0,0,10025,0,1019,名人,人类,男,他年轻时就展现出过人的才华，只是这种才华没有持续多久。,我是天才，啊哈哈哈。,365,11.9,5,4,0,0,660000,3105;250;225;200;0;0;0,1,1,1,1,出战
10026,苏罗斯,1,0,10026,0,1105,商人,人类,男,一位善于投机的商人，曾经导致世界陷入前所未有的矿石危机，导致大批的精灵和矮人失业。,市场总是错的。,206,10.5,15,4,0,0,660000,1138;210;255;300;0;0;0,1,1,1,1,
10027,异国传教士,1,0,10027,0,1050,牧师,人类,男,他从西方大陆来到这里，并且他一直尝试说服你和你的队伍信仰一头山猪。,我的主啊，保佑我。,196,10,15,4,0,0,660000,1138;210;255;300;0;0;0,1,1,1,1,
10028,土豪,0,0,10028,0,1108,商人,人类,男,我有的是血钻。想做我的朋友吗？,想和我做朋友吗？,125,9.6,5,3,0,0,660000,3105;250;225;200;0;0;0,1,1,1,1,
10029,不起眼的青年,0,0,10029,0,1131,超能力者,超能力者,男,在学校好几年，班里也没有人叫的出他的名字，但如果你因为他的平凡而忽视他，你就错过了一个强大的人。,……,165,9.5,5,4,0,0,660000,3105;250;225;200;0;0;0,1,1,1,1,
10030,圣诞老人,1,0,10030,20004,1157,商场职员,人类,男,每年只干那么几天！却总能为商场带去大量血钻。但是，据说商场去年的工钱还没结给他。,圣诞快乐。,166,9.5,15,4,0,0,660000,1138;210;255;300;0;0;0,1,1,1,1,
10031,认真的小女孩,0,0,0,20004,1098,早熟小鬼,人类,女,她总是对事情过于认真，执着于自己认为对的事情。比如说坚信通过星座就能了解一个人。,星座什么的最准了。,95,10.8,5,2,0,0,660000,3105;250;225;200;0;0;0,1,1,1,1,
10032,圣诞驯鹿,0,0,10032,20004,1159,商场职员,人类,男,有时候单干，有时候跟着圣诞老人。,圣诞快乐。,75,8.6,5,3,0,0,660000,3105;250;225;200;0;0;0,1,1,1,1,
10033,圣诞杂耍者,0,0,10033,20004,1160,商场职员,人类,女,你觉得她总能躲开投来的飞刀，那是因为没能躲开的都不在了。,圣诞快乐。,80,8.3,5,3,0,0,660000,3105;250;225;200;0;0;0,1,1,1,1,
10034,丛林密语者,1,0,10034,0,1164,斥候,精灵,女,他们在丛林中讲传播着信息，当然，主要是八卦。,嘘，你的声音太大了。,154,9.4,15,4,0,0,660000,1138;210;255;300;0;0;0,1,1,1,1,
10035,恐怖毒尾蝎,2,0,10035,0,1095,昆虫,昆虫,无,丛林中的潜伏者，被咬上一口的话足以致命。,让敌人品尝我的剧毒吧。,307,10.5,50,5,20,20,100,178;50;70;90;8325;462;0,1,1,1,1,出战
10036,黑色屠杀者,2,0,10036,0,1052,战士,人类,无,他已经数不清自己已经杀了多少人了，在他面前生命就是灰尘，轻轻一抹就会消散。,世上没一个人都有罪，都该杀。,172,11.4,50,5,20,20,100,178;50;70;90;8325;462;0,1,1,1,1,出战
10037,火山怒龙,2,0,10037,20005,1086,龙,龙类,无,生活在火山上的巨龙，怒吼时可以引起火山喷发。,品尝我的愤怒吧。,188,11,50,5,20,20,100,178;50;70;90;8325;462;0,1,1,1,1,出战
10038,疾风怒龙,2,0,10038,20005,1082,龙,龙类,无,据说这是世界上最快的龙，被攻击者通常几乎还没反应过来已经被掀到半空中了。,唯快不破。,200,11.1,50,5,20,20,100,178;50;70;90;8325;462;0,1,1,1,1,
10039,冰封怒龙,3,0,10039,20005,1169,龙,龙类,无,表皮由于坚冰变的十分坚硬，几乎没有物体可以穿透他。,冬天来了。,241,12.2,250,5,20,20,500,31;7;10;15;2998;135;500,2,2,1,1,
10040,超能力小孩,2,0,10040,0,1099,熊孩子,超能力者,女,在受到威胁时，他会将自己分成数个。敌人几乎无法搞清哪个才是本尊。,让我看看有什么好玩的。,195,11.1,50,5,20,20,100,178;50;70;90;8325;462;0,1,1,1,1,
10041,真·兰斯洛特,3,0,10258,0,2001,骑士,人类,男,圆桌骑士团中最著名的骑士，斩杀了上千只魔化人之后获得了“真王的力量”。,随风而起，随心而止。,384,12.9,250,5,20,20,500,31;7;10;15;2998;135;500,2,2,1,1,
10042,行者武松,3,0,10042,0,2002,战士,人类,男,武家次子，击杀橙色野外BOSS杀人虎后，盛名远扬。,我要杀了那对狗男女。,259,12.3,250,5,20,20,500,31;7;10;15;2998;135;500,0,7,0,0,
10043,貂蝉,3,0,10043,20001,2003,舞者,人类,女,惊艳的姿色让人看过一眼就无法忘怀，素来有“闭月”之称。玲珑的身材却拥有能够倾覆一个时代的力量。,奴家失礼了。,211,12.3,250,5,10,10,500,0;0;0;5;30;30;30,0,0,5,2,出战
10044,乱马·男,3,0,10044,20021,2004,武道家,人类,男,因为掉入咒泉乡的“娘溺泉”，变成了“遇到冷水就会变成女孩、遇到热水就会变回男孩”的体质,"如果我讨厌她,就不会这么烦恼了!",285,12.3,250,5,20,20,500,31;7;10;15;2998;135;500,0,0,7,0,
10045,关云长,3,0,10045,20002,2005,战士,人类,男,早年卖过绿豆，后来成为了武圣。多读书，多看报，多练武，他总是这样教导年轻人。,关羽在此，尔等受死！,304,12.3,250,5,20,20,500,31;7;10;15;2998;135;500,0,2,3,2,
10046,都教授,3,0,10046,20007,2006,讲师,外星人,男,400年前坠落在朝鲜的外星人，带着他迄今为止4个世纪的秘密，独自在韩国首尔的天空下生活着。,在我存在的世界，就算我消失，世界依然如故，只有我会被忘却。,238,12.4,250,5,20,20,500,31;7;10;15;2998;135;500,0,0,7,0,
10047,桂小太郎,3,0,10047,20022,2007,革命家,人类,男,"由于正被幕府通缉和进行各种活动, 因此经常变装, 如海盗、和尚、侍应、忍者等。",即使是在逃亡的时刻，也一定不能忘记一颗冷笑话的心。,222,12.4,250,5,20,20,500,31;7;10;15;2998;135;500,7,0,0,0,
10048,吕奉先,3,0,10048,20001,2008,狂战士,人类,男,武器是方天画戟，特长是战斗，弱点是天真！,谁能挡我！,404,12.4,250,5,20,20,500,31;7;10;15;2998;135;500,2,3,0,2,出战
10049,柯南,3,0,10049,0,2009,名侦探,人类,男,其真身为一名高中生，人称平成年代的福尔摩斯，日本警(fei)察(wu)的救世主。,真相只有一个。,204,12.5,250,5,20,20,500,31;7;10;15;2998;135;500,0,2,5,0,
10050,奥巴马,3,0,10050,20023,2010,好爸爸,咴,男,一匹自由自在的马。,打你咋滴。,104,12.5,250,5,20,20,500,31;7;10;15;2998;135;500,6,0,0,1,
10051,黄忠,3,0,10051,20002,2011,神射手,人类,男,黄忠在弓术方面被世人称颂，但其刀术也出类拔萃曾已赤血刀斩杀数千魔化人。,百步穿杨！,196,12.5,250,5,20,20,500,31;7;10;15;2998;135;500,0,0,5,2,
10052,张翼德,3,0,10052,20002,2012,战士,人类,男,著名的军事家，书法家。在战斗方面能够胜过他的只有5人……,燕人张飞在此！,304,12.5,250,5,20,20,500,31;7;10;15;2998;135;500,0,4,3,0,
10053,丹妮莉丝,3,0,10053,20012,2013,龙之母,人类,女,丹妮莉丝身材娇小且美貌绝伦。她有着银金色的头发和紫色的眼睛。,王权没有永恒。,204,12.5,250,5,10,10,500,31;7;10;15;2998;135;500,0,4,3,0,出战
10054,路西法,3,0,10054,20014,2014,恶魔,魔族,男,原为上帝身边最美丽最权势者，因为拒绝臣服于圣子而举起翻旗，最终被认定为恶魔的化身。,你可知我等了你多少个轮回？,226,12.5,250,5,20,20,500,31;7;10;15;2998;135;500,0,7,0,0,出战
10055,赵子龙,3,0,10055,20002,2015,游侠,人类,男,不管多艰苦的战斗他都从来不曾受伤。,吾乃常山赵子龙也！,254,12.5,250,5,20,20,500,31;7;10;15;2998;135;500,0,2,3,2,
10056,美杜莎,3,0,10056,0,2016,诅咒师,魔族,女,原本是美丽的人类女性却因为得罪了雅典娜被变化成为可怕的魔物，被永世的孤独所缠绕。,你敢盯着我看？,204,12.5,250,5,20,20,500,31;7;10;15;2998;135;500,7,0,0,0,出战
10057,宫本武藏,3,0,10057,0,2017,大剑豪,人类,男,一位传奇人物，二刀流的创造者，除了剑术，还在体术，手里剑，兵法方面极有造诣。,坚信不疑的信念，都要实际去体验。,202,12.5,250,5,20,20,500,31;7;10;15;2998;135;500,0,4,3,0,出战
10058,甄姬,3,0,10058,0,2018,舞者,人类,女,传说中洛神下凡，世上唯一一个曾拒绝封后的女子。真性情，烈女子！,髣髴兮若轻云之蔽月。,190,12.6,250,5,10,10,500,31;7;10;15;2998;135;500,3,0,4,0,
10059,啦哆A梦,3,0,10059,0,2019,万能,机器人,男,未来科技的结晶，会掏出各种各样奇怪的道具。如果铃铛被拿掉就会野化。,啊~~~~有老鼠！！！,195,12.6,250,5,20,20,500,31;7;10;15;2998;135;500,1,1,2,2,
10060,马超,3,0,10060,20002,2020,战士,人类,男,被世人称为“狮盔银甲玉面郎”的强大武士。在剑法方面有非常高的造诣。,全军突击！,186,12.6,250,5,20,20,500,31;7;10;15;2998;135;500,0,7,0,0,
10061,热焰火精灵,2,0,10061,0,1161,祭司,元素生物,女,来自异世界的智慧生物，小心别被他的热焰吞没。,燃烧吧。,337,12.7,50,4,20,20,100,178;50;70;90;8325;462;0,1,1,1,1,出战
10062,亚瑟,4,0,10062,20020,2023,大领主,人类,男,圆桌骑士团的首领，据说他持有一把圣剑，能够驱逐以太潮汐带来的影响。,去获得机会，这样你才不会后悔。 ,247,12.9,1000,5,35,35,6000,8;2;3;4;550;12;108,0,7,0,2,
10063,哈桑萨巴赫,3,0,10063,0,2024,刺客,人类,男,刺客联盟的真正的幕后组织者，别号“山中老人”。据说从来没有人真正见过他。,你已经死了。,156,12.7,250,5,20,20,500,31;7;10;15;2998;135;500,3,4,0,0,出战
10064,高文,3,0,10064,20020,2025,骑士,人类,男,圆桌骑士团的成员，外形俊美，剑技高超，被称为“少女的骑士”。,信仰给予我力量。,361,12.9,250,5,20,20,500,31;7;10;15;2998;135;500,5,0,0,2,
10065,织田信长,4,0,10065,0,2026,大领主,人类,男,自称第六天魔王，崇尚武家政权。心在天下。,人生五十年，往事恍如梦幻。有生亦有死，壮士复何憾。,402,13.7,1000,5,35,35,6000,0;1;1;2;275;6;54,5,4,0,0,出战
10066,海格利斯,3,0,10066,0,2027,狂战士,永恒,男,用理智的丧失换来了至高的战斗力，拥有死亡后自动使肉体苏生的能力，肉体中储存着11个生命的能量。,我拥有无尽的力量。,484,13.6,250,5,10,10,500,31;7;10;15;2998;135;500,0,0,4,2,出战
10067,伊斯力,4,0,10067,0,2028,大领主,人类,男,又称“白银之王”或“北之伊士利”。性格温和，剑术卓越。,无能既是罪！,352,14,1000,5,35,35,6000,6;2;3;4;550;12;108,0,4,4,1,出战
10068,奥丁,4,0,10068,0,2029,大领主,神族,男,传说中的至高神，被视作诸神之王，也是死者之王。,我是雷电之王!,382,14,1000,5,35,35,6000,8;2;3;4;550;12;108,0,0,9,0,
10069,C.C,4,0,10069,20013,2030,魔女,人类,女,拥有不死神力的魔女。,你知道雪为什么是白色的吗？,202,14.1,1000,5,27,27,6000,0;2;3;4;550;12;108,0,5,2,2,
10070,魔神撒旦,4,0,10070,20014,2031,魔神,魔族,男,大名鼎鼎的反派角色。诱惑人类吃下了禁果。,你为什么召唤我？,303,14.2,1000,5,35,35,6000,0;2;3;4;550;12;108,0,0,9,0,出战
10071,卓戈卡奥,4,0,10071,20012,2032,大领主,人类,男,东方大陆多斯拉克人的部落首领，在所有的战斗中从未失败，统领极具战斗力的军队。,我生命中的月亮。 ,315,14.4,1000,5,35,35,6000,0;2;3;4;550;12;108,0,4,5,0,
10072,圣女贞德,4,0,10072,0,2033,大领主,人类,女,有着强烈神感的少女。手持虹之宝剑，为了自由而战。,所有的狂热信仰都带着夸张。,382,14.4,1000,5,25,25,6000,0;2;3;4;550;12;108,0,5,4,0,
10073,元首,4,0,10073,0,2034,战争领袖,人类,男,当过画家，演说能力强，成就了一个帝国，危险度300%,渣渣！,312,14.4,1000,5,35,35,6000,0;0;0;0;550;12;108,0,0,7,2,
10074,尼基塔米亚,4,0,10074,20015,2035,元素领主,元素生物,虚无,已经统领了元素诸国大约30个世纪，而且似乎并没有什么衰败的迹象。,只有死亡才是永恒。,382,14.4,1000,5,35,35,6000,8;2;3;4;550;12;108,0,9,0,0,出战
10075,星美451,4,0,10075,0,2036,革命者,克隆人,女,反抗“统一部”的克隆人，用一次演讲使世界发生了惊天的变化。,星星美丽，因为里面有一朵看不见的花。,259,14.5,1000,5,35,35,6000,8;2;3;4;550;12;108,0,0,9,0,
10076,鲁路修,4,0,10076,20013,2037,皇子,人类,男,皇子，黑色骑士团CEO，反叛势力的领袖。,只为死而生，实在太悲哀了。,303,14.6,1000,5,27,27,6000,0;1;1;2;275;6;54,0,7,0,2,
10077,结城·明日奈,4,0,10077,0,2038,副团长,人类,女,名为艾丝娜的萌少女，无比强大的泡菜玩家！,我们的时间不多了。,281,14.6,1000,5,35,35,6000,0;2;3;4;550;12;108,3,3,3,0,
10078,武田信玄,4,0,10078,0,2039,军事家,人类,男,武田信玄信奉孙子兵法所倡导的“其疾如风，其徐如林，侵略如火，不动如山。”在作战方面异常强悍，令敌人闻风丧胆。,此身此骨归于天地，不沾红尘，独自风流。,293,14.6,1000,5,40,40,6000,0;2;3;4;550;12;108,0,4,4,1,
10079,史莱姆,0,0,0,0,1083,怪物,怪物,无,极为低级的魔界生物，通常负责给勇者送经验。,我负责给勇者送经验。,65,7.1,5,2,0,0,660000,3105;250;225;200;0;0;0,1,1,1,1,
10080,绵羊,0,0,0,0,1044,家畜,野兽,无,武功再高也怕变羊。咩~~~,咩~,70,7.1,5,5,0,0,660000,3105;250;225;200;0;0;0,1,1,1,1,
10081,老鼠,0,0,0,0,1093,四害,野兽,无,带着它冒险时，所有队员都必须小心保管自己的奶酪。,吱……吱……,75,7.1,5,3,0,0,660000,3105;250;225;200;0;0;0,1,1,1,1,
10082,黄蜂,0,0,10082,0,1091,昆虫,虫族,无,优秀的速度和不俗的攻击，值得信赖的初期伙伴。,嗡嗡……么么…,80,8.6,5,4,0,0,660000,3105;250;225;200;0;0;0,1,1,1,1,
10083,光之祭司,1,0,10083,0,1167,祭司,神族,女,光之祭司通常都是光之族穷人家的小女孩，大约100岁时加入教会，然后要为教会服务大约3000年。,光之降临,145,10.2,15,5,0,0,660000,1138;210;255;300;0;0;0,1,1,1,1,
10084,森林座狼,1,0,10084,0,1047,野兽,野兽,无,兽王猎天赋点满可以抓来当宠物，兽人可以拿来当坐骑。,嗷呜~,160,9.7,15,4,0,0,660000,1138;210;255;300;0;0;0,1,1,1,1,出战
10085,撕咬蜘蛛,1,0,10085,0,1096,节肢动物,虫族,无,就目前的资料来看，撕咬蜘蛛很少织网。捕捉猎物主要靠飞扑。,……,162,8.7,15,3,0,0,660000,1138;210;255;300;0;0;0,1,1,1,1,出战
10086,风蛇,1,0,10086,0,1092,怪物,野兽,无,奇怪的生物，不知何时起就出现在大路上。,嘶……,144,9.2,15,3,0,0,660000,1138;210;255;300;0;0;0,1,1,1,1,
10087,厄运花,1,0,10087,0,1085,食人花,植物,无,厄运花曾经代表着经验。,……,134,9.7,15,3,0,0,660000,1138;210;255;300;0;0;0,1,1,1,1,
10088,人族步兵,1,0,10088,0,1128,士兵,人族,男,没有什么比遇到25个人类步兵更糟糕的事情了！呃……也许是遇到40个？,For the king！,168,10.2,15,5,0,0,660000,1138;210;255;300;0;0;0,1,1,1,1,
10089,喵星人,1,0,0,20006,1042,宠物,野兽,无,养猫注意事项一、它朝你卖萌，表示它需要食物。,征服地球。喵~,116,9.2,15,5,0,0,660000,1138;210;255;300;0;0;0,1,1,1,1,
10090,汪星人,1,0,0,20006,1041,宠物,野兽,无,汪~汪~~汪~~~,征服地球。汪汪~,121,8.7,15,5,0,0,660000,1138;210;255;300;0;0;0,1,1,1,1,
10091,剧毒史莱姆,1,0,10091,0,1087,怪物,怪物,无,升级后获得剧毒属性的史莱姆，通常负责给勇者送更多经验。,我负责给勇者送更多的经验。,106,8.7,15,3,0,0,660000,1138;210;255;300;0;0;0,1,1,1,1,
10092,吸血蝙蝠,1,0,10092,0,1089,怪物,野兽,无,吸血蝙蝠有着非常让人厌恶的攻击方式。,……（我说什么你听不见）,136,9.2,15,4,0,0,660000,1138;210;255;300;0;0;0,1,1,1,1,出战
10093,千颂伊,2,0,10093,20007,2040,明星,人类,女,"韩流女神,但是没有常识，也没有朋友，常常一说话就闹笑话，被网民封为靠“无知闻名”的代表。",初雪，怎能没有炸鸡和啤酒？,150,10.6,50,5,20,20,100,178;50;70;90;8325;462;0,4,2,0,0,
10094,信仰战,2,0,10094,0,2015,战士,人类,男,你的护甲毫无用处，你的信仰一文不值。,你的护甲毫无用处，你的信仰一文不值。,283,11.1,50,5,20,20,100,178;50;70;90;8325;462;0,1,1,1,1,
10095,武僧,2,0,10095,0,2002,僧侣,人类,男,控制自己，掌控敌人。,我用双手成就你的梦想。,255,11.1,50,5,20,20,100,178;50;70;90;8325;462;0,1,1,1,1,
10096,寇马克,2,0,10096,20010,1055,骑士,人类,男,寇马克是为了正义而战的圣堂骑士。他的信念无可动摇。,愿圣光与你同在！,183,11.1,50,5,10,10,100,178;50;70;90;8325;462;0,1,1,1,1,
10097,林登,2,0,10097,20010,2032,潜行者,人类,男,林登不断游走各地，诈人钱财、四处风流，乘人不备搜刮酒水黄金。,小心你的背后。,169,11.1,50,5,10,10,100,178;50;70;90;8325;462;0,1,1,1,1,
10098,艾琳娜,2,0,10098,20010,1006,女巫,人类,女,和蔼可亲的单纯少女，战斗时却坚毅果敢，强大的魔法毫不留情地将敌人撕碎。,希望引导着我。,157,11.1,50,5,10,10,100,178;50;70;90;8325;462;0,1,1,1,1,
10099,魅魔,2,0,10099,0,1084,女妖,魔族,女,魅魔充满着性感与诱惑。这种集狡猾、美丽于一身的恶魔强大、致命、美丽。恶魔的身材，喜欢SM的皮鞭。,这会有点疼。,97,11.6,50,5,20,20,100,178;50;70;90;8325;462;0,1,1,1,1,
10100,宁采臣,2,0,10100,20008,1114,书生,人类,男,浙江人氏宁采臣，为人慷慨豪爽，方正自重。,小倩你在哪里呀？,107,10.1,50,5,20,20,100,0;0;0;14;0;0;0,1,1,1,1,出战
10101,聂小倩,2,0,10101,20008,1162,美女,鬼族,女,一个美貌女鬼却本性善良。,找到了真正的爱情，不管是人是魔，根本没有分别。,228,11.1,50,5,20,20,100,0;0;0;10;0;0;0,1,1,1,1,出战
10102,潘凤,2,0,10102,20009,1023,上将,人类,男,无双上将潘凤。充满传奇的一生至今仍为后人津津乐道。,吾乃上将潘凤，可斩…呃…,245,10.1,50,5,20,20,100,178;50;70;90;8325;462;0,1,1,1,1,
10103,曹性,2,0,10103,20009,1117,弓神,人类,男,银河射手曹性。充满传奇的一生至今仍为后人津津乐道。,吾乃银河射手曹性。,217,10.6,50,5,20,20,100,178;50;70;90;8325;462;0,1,1,1,1,
10104,夏侯恩,2,0,10104,20009,1127,剑神,人类,男,宇宙剑神夏侯恩。充满传奇的一生至今仍为后人津津乐道。,吾乃宇宙剑圣夏侯恩。,206,10.1,50,5,20,20,100,178;50;70;90;8325;462;0,1,1,1,1,
10105,法爷,5,0,10105,20011,1122,法师,人类,女,法爷谦卑内敛的个性深受大家喜爱。口头禅：“噢，糟了”“打得不错。”,打得不错。,623,14.8,3000,5,10,10,18000,0;0;0;0;99;6;7,3,1,1,3,出战
10106,亚里士多德,5,0,10106,0,1168,科学家,人类,男,古代先哲，古希腊人，世界古代史上伟大的哲学家、科学家和教育家之一，堪称希腊哲学的集大成者。,谬误有多种多样，而正确却只有一种。,568,15.4,3000,5,4,4,18000,0;0;0;0;99;6;7,2,2,3,1,
10107,雷锋,5,0,10107,0,1011,军人,人类,男,他是全心全意为人民服务的同志、伟大的共产主义战士。,为人民服务！,618,14.8,3000,5,10,10,18000,0;0;0;0;99;6;7,1,4,1,3,
10108,莉娜,5,0,10108,0,1161,魔导士,人类,女,她一位非常强大的法师，她以打击盗贼（其实是为了他们的财宝）和屠龙（一不小心毁灭了边上的城市）而著称。,我是天才美少女魔导士^^,592,15.4,3000,5,6,6,18000,0;0;0;0;99;6;7,3,1,3,1,
10109,油腻的师姐,0,0,10077,0,1166,武斗家,人类,女,不断的寻找，油腻的世界。,点击就送哦。,90,10,5,3,0,0,660000,3105;250;225;200;0;0;0,1,1,1,1,
10110,刚哥,0,0,10050,0,1152,程序猿,人类,男,业务能力极强，但是有点怕老婆。,啦啦啦…啦啦啦…,55,10,5,5,0,0,660000,3105;250;225;200;0;0;0,1,1,1,1,
10111,魔化小男孩,0,0,10013,0,1057,魔人,人类,男,受以太潮影响魔化后的人类。,……,60,8,5,3,0,0,660000,3105;250;225;200;0;0;0,1,1,1,1,
10112,魔化小女孩,0,0,10014,0,1058,魔人,人类,女,受以太潮影响魔化后的人类。,……,55,8.1,5,3,0,0,660000,3105;250;225;200;0;0;0,1,1,1,1,
10113,魔化男孩,0,0,11001,0,1059,魔人,人类,男,受以太潮影响魔化后的人类。,……,56,8.2,5,3,0,0,660000,3105;250;225;200;0;0;0,1,1,1,1,
10114,魔化女孩,0,0,11001,0,1060,魔人,人类,女,受以太潮影响魔化后的人类。,……,57,8.3,5,3,0,0,660000,3105;250;225;200;0;0;0,1,1,1,1,
10115,魔化妇女,0,0,11001,0,1062,魔人,人类,女,受以太潮影响魔化后的人类。,……,58,8.4,5,3,0,0,660000,3105;250;225;200;0;0;0,1,1,1,1,
10116,魔化老头,0,0,10016,0,1063,魔人,人类,男,受以太潮影响魔化后的人类。,……,59,8.5,5,3,0,0,660000,3105;250;225;200;0;0;0,1,1,1,1,
10117,魔化老太,0,0,10016,0,1064,魔人,人类,女,受以太潮影响魔化后的人类。,……,60,8.6,5,3,0,0,660000,3105;250;225;200;0;0;0,1,1,1,1,
10118,魔化商人,0,0,10026,0,1065,魔人,人类,男,受以太潮影响魔化后的人类。,……,61,8.7,5,3,0,0,660000,3105;250;225;200;0;0;0,1,1,1,1,
10119,魔化修女,0,0,11001,0,1066,魔人,人类,女,受以太潮影响魔化后的人类。,……,62,8.8,5,3,0,0,660000,3105;250;225;200;0;0;0,1,1,1,1,
10120,魔化神父,0,0,11001,0,1067,魔人,人类,男,受以太潮影响魔化后的人类。,……,63,8.9,5,3,0,0,660000,3105;250;225;200;0;0;0,1,1,1,1,
10121,魔化土豪,0,0,10028,0,1068,魔人,人类,男,受以太潮影响魔化后的人类。,……,64,9,5,3,0,0,660000,3105;250;225;200;0;0;0,1,1,1,1,
10122,魔化铁匠,0,0,11001,0,1069,魔人,人类,男,受以太潮影响魔化后的人类。,……,65,9.1,5,3,0,0,660000,3105;250;225;200;0;0;0,1,1,1,1,
10123,魔化祭司,0,0,11001,0,1070,魔人,人类,男,受以太潮影响魔化后的人类。,……,66,9.2,5,3,0,0,660000,3105;250;225;200;0;0;0,1,1,1,1,
10124,魔化长老,0,0,11001,0,1071,魔人,人类,男,受以太潮影响魔化后的人类。,……,67,9.3,5,3,0,0,660000,3105;250;225;200;0;0;0,1,1,1,1,
10125,骷髅兵,0,0,10092,0,1074,士兵,亡灵,无,寂寞的时候，他是不个错的倾诉对象，他总会用空洞的眼睛看着你，然后发出咯咯声。,……,68,9.4,5,3,0,0,660000,3105;250;225;200;0;0;0,1,1,1,1,
10126,地精,0,0,11001,0,1075,矿工,地精,无,他徒手就能挖下钻石矿。当然，这只是个传说，通常他只是地表挖一些铜而已。,矿石是我的！,69,9.3,5,3,0,0,660000,3105;250;225;200;0;0;0,1,1,1,1,
10127,剧毒食人花,0,0,10087,0,1081,食人花,植物,无,千万不要被剧毒食人花包围。,……,70,9.5,5,3,0,0,660000,3105;250;225;200;0;0;0,1,1,1,1,
10128,沉默的羔羊,0,0,11003,0,1044,家畜,动物,无,连环杀手最易得手的目标。,……,71,8.6,5,3,0,0,660000,3105;250;225;200;0;0;0,1,1,1,1,
10129,奶牛,0,0,11002,0,1045,家畜,动物,无,奶牛有公的嘛？？,……,72,8.8,5,3,0,0,660000,3105;250;225;200;0;0;0,1,1,1,1,
10130,棕色老马,0,0,0,0,1046,家畜,动物,无,累了时可以用来骑，但只有少数几个人能驯服它。,……,73,8.9,5,3,0,0,660000,3105;250;225;200;0;0;0,1,1,1,1,
10201,服部半藏,2,0,10201,0,2201,忍者,人类,男,服部半藏和他旗下的杀手集团一贯行事低调，所以很少有人知道他们的名号，但在生意上的确对刺客联盟造成了不小的竞争,遇到什么麻烦了吗？,242,10,50,5,20,20,100,178;50;70;90;8325;462;0,0,0,5,1,
10202,钢锻精英卫士,2,0,10202,0,2202,战士,人类,男,穿着非常重量级的装甲，以至于无法好好蹲下。真正的装备党。,我的盔甲坚固无比。,175,10.1,50,5,20,20,100,178;50;70;90;8325;462;0,0,6,0,0,
10203,达罗斯米亚,2,0,10203,20015,2203,法师,元素生物,虚无,米亚家族的次子能够操控永恒激流之息，是激流之界的王者,永恒激流之息听从我的召唤。,242,10.19,50,5,20,20,100,178;50;70;90;8325;462;0,1,1,1,1,
10204,洛基,2,0,10204,20016,2204,幻术师,半神族,男,集恶作剧，狡猾，奸诈，欺骗于一身，擅长幻术和操纵人心。,"I am god, you dull creature.And I will not be bullied by…",135,10.68,50,5,20,20,100,178;50;70;90;8325;462;0,0,0,4,2,
10205,土方十四郎,2,0,10205,0,2205,真选组,人类,男,童年时他到处流浪，后加入真选组，外形冷酷，很受女性喜爱。,我只是，想让我心爱的女人得到幸福而已。,182,10.78,50,5,20,20,100,178;50;70;90;8325;462;0,0,3,0,0,
10206,梅林,2,0,10206,20017,2206,贤者,半精灵,男,一位修女和精灵所生的子嗣，拥有强大的魔力。能够与动物交谈。,I do this because of who you are.,290,10.78,50,5,20,20,100,178;50;70;90;8325;462;0,0,3,3,0,
10207,美狄亚,2,0,10207,0,2207,法师,精灵,女,为了所爱之人，抛弃了自己的国家和家庭，却又被所爱之人抛弃。她只属于永远的怨恨和无尽复仇。,复仇……,222,10.98,50,5,20,20,100,178;50;70;90;8325;462;0,0,1,4,1,
10208,破甲者比亚,2,0,10208,0,2208,战士,半魔族,男,宙斯的私生子，被抛弃后成为了半魔人。,谁也无法阻挡我的冲锋。,215,11.08,50,5,20,20,100,178;50;70;90;8325;462;0,5,0,0,0,
10209,托比·托普兰,2,0,10209,0,2209,勇者,熊族,男,勇者有两种，拯救世界的勇者和拯救凡人的勇者，KUMA。,我已经准备好了~KUMA,213,11.08,50,5,20,20,100,178;50;70;90;8325;462;0,0,0,4,2,
10210,历来米亚,2,0,10210,20015,2210,战士,元素生物,虚无,米亚家族的长子能够操控永恒火焰之息，是火焰之界的王者。,小心，永恒火焰之息可不是闹着玩的。,222,11.17,50,5,20,20,100,178;50;70;90;8325;462;0,1,1,1,1,
10211,大乔,2,0,10211,20018,2211,舞者,人类,女,大乔有倾国之色，顾盼生姿，明艳照人，堪称绝代佳丽。,你累了，请休息吧。,204,11.27,50,5,20,20,100,178;50;70;90;8325;462;0,0,0,0,3,
10212,蕾见不二子,2,0,10212,0,2212,超能力者,人类,女,「巴贝尔」（B.A.B.E.L.）即超能力支援研究所的创办人之一，是「巴贝尔」的「影子首领」，拥有最高指挥权的管理官。,打扰我睡眠的人将受到诅咒。,193,11.27,50,5,20,20,100,178;50;70;90;8325;462;0,0,2,2,2,
10213,沐丝,2,0,10213,0,2213,武道家,人类,男,女杰族的男性，擅长使用暗器的高手，掉入咒泉乡的“鸭子溺泉”，遇冷水变鸭子。,乱马倒是个不错的对手。,193,11.27,50,5,20,20,100,178;50;70;90;8325;462;0,4,2,0,0,
10214,九能带刀,2,0,10214,0,2214,武道家,人类,男,风林馆高校剑道部的主将，自称“风林馆高校的苍雷”。,我是风林馆高校的苍雷。,193,11.27,50,5,20,20,100,178;50;70;90;8325;462;0,0,3,3,0,
10215,天道茜,2,0,10215,20021,2215,武道家,人类,女,16岁，被许配给乱马。成绩优良、运动万能、在烹调与手工艺方面的素养却令人实在不敢恭维。,你需要帮助吗？,203,11.27,50,5,20,20,100,178;50;70;90;8325;462;0,0,3,3,0,
10216,乱马·女,2,0,10216,0,2216,武道家,人类,女,因为掉入咒泉乡的“娘溺泉”，变成了“遇到冷水就会变成女孩、遇到热水就会变回男孩”的体质,人还是应该活得明朗、正直才对。,213,11.27,50,5,20,20,100,178;50;70;90;8325;462;0,6,0,0,0,
10217,迪卢木多,2,0,10217,0,2217,骑士,人类,男,费奥纳骑士团的首席勇士，刀法过人，注重骑士道，是以个人名誉而战斗的男人。,这次，一定要将忠诚之路走到底。,174,11.27,50,5,20,20,100,178;50;70;90;8325;462;0,3,3,0,0,
10218,爵士凯,2,0,10218,20020,2218,骑士,人类,男,圆桌骑士团的成员，一位正直的骑士，只是有点管不住自己的嘴巴。,落魄的爵士，也比珠光宝气的暴发户更像贵族。,193,11.27,50,5,20,20,100,178;50;70;90;8325;462;0,0,6,0,0,
10219,范海辛,2,0,10219,0,2219,猎魔人,人类,男,用勇气和智慧对抗着以太潮汐带来的世界范围内的魔化。,我们必须净化以太潮。,193,11.27,50,5,20,20,100,178;50;70;90;8325;462;0,0,5,0,1,
10220,持镰执行者,2,0,10220,0,2220,执行者,魔族,虚无,魔界法律的执行者，虽然根本没有魔族在意那玩意，但它确实存在。,死亡……降临！,184,11.27,50,5,20,20,100,178;50;70;90;8325;462;0,1,1,1,1,
10221,兰斯洛特,3,0,10221,20020,2221,骑士,人类,男,圆桌骑士团中最著名的骑士，曾经以一人之力斩杀了上千只魔化人。被称为“骑士之花”。,越是悲伤时越是要用微笑去面对。,357,12.9,250,5,10,10,500,31;7;10;15;2998;135;500,0,5,0,2,
10222,响良牙,3,0,10222,20021,2222,武道家,人类,男,为了与乱马决斗而跟踪至中国，却不慎掉入咒泉乡的“黑猪溺泉”，遇冷水变成小黑猪，遇热水变回来。,我讨厌冷水！,254,12.9,250,5,10,10,500,31;7;10;15;2998;135;500,0,0,5,2,
10223,花和尚鲁智深,3,0,10223,0,2223,狂战士,人类,男,为了逃避官府的通缉而出家，是个武功卓越，力拔千钧的“和尚”。,哥哥，洒家来助你一臂之力。,257,12.9,250,5,10,10,500,31;7;10;15;2998;135;500,0,7,0,0,
10224,郭嘉,3,0,10224,0,2224,谋士,人类,男,才策谋略，世之奇士。但由于天妒英才早早就离世了。,咳咳……我们需要从长计议。,228,12.8,250,5,10,10,500,31;7;10;15;2998;135;500,0,0,7,0,
10225,比尔博巴金斯,3,0,10225,0,2225,游荡者,半身人,男,夏尔最伟大冒险者和勇士，他是中土大陆历史中首位能以自己的意志放弃至尊魔戒的魔戒持有者。,开始冒险吧。,171,12.7,250,5,10,10,500,31;7;10;15;2998;135;500,0,-12,5,4,
10226,奥村磷,3,0,10226,0,2226,驱魔师,半魔族,男,魔神撒旦和驱魔师所生的儿子，虽然是魔神的儿子，却一直投身于与恶魔的战斗中。,让我们终结那些恶魔。,376,12.6,250,5,10,10,500,31;7;10;15;2998;135;500,0,0,7,0,
10227,坂本辰马,3,0,10227,20022,2227,宇宙商人,人类,男,从小喜欢仰望星空的他对宇宙充满热爱与追求，于是在攘夷战争的后期告别了战友驶向宇宙。,我们的征途是星辰大海。,263,12.6,250,5,10,10,500,31;7;10;15;2998;135;500,6,0,0,2,
10228,金三胖,3,0,10228,20023,2228,司令官,人类,男,五岁打飞机，八岁开坦克，父亲拥有徒手击落间谍卫星的强大的能力，传奇的经历伴随着传奇的人生。,我要处死你！,209,12.6,250,5,10,10,500,31;7;10;15;2998;135;500,0,5,0,2,
10229,大天使米色尔,3,0,10229,0,2229,大天使,天使,女,守护着卡萨雷多圣地的大天使。,我将永远守护卡萨雷多圣地。,240,12.5,250,5,10,10,500,31;7;10;15;2998;135;500,0,0,7,0,
10230,奶茶妹,3,0,10230,0,2230,学生,人类,女,所以，真正奶茶妹，只是一个符号。,呵呵,94,12.4,250,5,10,10,500,31;7;10;15;2998;135;500,5,0,0,2,
10231,神乐,3,0,10231,0,2231,流民,夜兔族,女,"明明身为13,14岁的萝莉，却像“退休的警察”一样，经常抠着鼻孔说一些世态炎凉的话。",世风日下，人心不古啊。,242,12.1,250,5,10,10,500,31;7;10;15;2998;135;500,0,7,0,0,
10232,特里斯坦,3,0,10232,20020,2232,骑士,人类,男,圆桌骑士团的成员，一位国王的儿子。平生喜欢音乐和唱歌，被称为“多愁善感的骑士”。,秋天来了。,282,12,250,5,10,10,500,31;7;10;15;2998;135;500,0,0,5,2,
10233,柳生十兵卫,3,0,10233,0,2233,剑豪,人类,男,一代大剑豪，柳生新阴流的发明者，所谓无刀取就是传说中的空手入白刃。,也许我们可以切磋一下。,282,11.8,250,5,10,10,500,31;7;10;15;2998;135;500,0,7,0,0,
10234,阿鲁克迪斯,4,0,10234,0,2234,生命统帅,半神族,精灵,阿鲁克迪斯，传说中月神遗物的守护者。精灵的最高统领，拥有不灭之体，和永恒之灵。,我的灵魂永恒不灭。,294,14.3,1000,5,35,35,6000,5;2;3;4;550;12;108,0,4,5,0,
10235,金龙阿雷撒,4,0,10235,20025,2235,上龙领主,龙,无,冰封怒龙的统领者，全身被金色的鳞片覆盖是极为罕见的龙类。只有真正的王者才能驾驭。,诚服于正真的王者。,264,14.3,1000,5,35,35,6000,5;2;3;4;550;12;108,0,9,0,0,
10236,吉尔伽美什,4,0,10236,0,2236,英雄王,半神族,男,传说中最伟大的王者，从冥界获得了不老不死之药，但是只是为了收藏。,天上天下只有一人有资格欣赏你的破灭。,343,14.2,1000,5,27,27,6000,0;2;3;4;550;12;108,0,4,5,0,
10237,觉醒的薰,4,0,10237,0,2237,叛军领袖,超能力者,女,领导超能力者反叛的女性领袖，被其他能力者称为QUEEN。,那些还末觉醒的人，他们会以不同的形式一再地回来。,343,14.2,1000,5,35,35,6000,5;2;3;4;550;12;108,0,7,0,2,
10238,坂田银时,4,0,10238,20022,2238,废柴,人类,男,我的剑，所能触及到的地方就是我的国家。,只要有你想要保护的东西，那就拔剑好了。,343,14.2,1000,5,35,35,6000,8;2;3;4;550;12;108,3,3,3,0,
10239,大刑天,4,0,10239,0,2239,战士,魔族,无,被誉为上古十大魔神，干戚之舞，猛志常在。,常常我的厉害吧，凡人。,294,14.2,1000,5,35,35,6000,8;2;3;4;550;12;108,0,5,2,2,
10240,圣龙纳多,4,0,10240,20025,2240,上龙领主,龙,无,疾风怒龙的统领者，在所有龙类中拥有最至高无上的地位。能够使用极为强大的治疗法术。,感受疾风之力吧。,387,14.2,1000,5,35,35,6000,5;2;3;4;550;12;108,8,0,0,1,
10241,高杉晋助,4,0,10241,20022,2241,恐怖份子,人类,男,攘夷志士中的武斗派，成立了鬼兵队，并与幕府一桥派、宇宙海盗春雨等多方组织结盟，以摧毁幕府为目的，经常煽动、策划和制造动乱。,让着无趣的世界变得更有趣吧。,323,14.2,1000,5,10,10,6000,0;2;3;4;550;12;108,0,2,5,2,
10242,魔山格雷果,4,0,10242,0,2242,狂战士,人类,男,身形无比巨大，以一把巨大的双手剑作为武器。魔山的可怕之处在于与他为敌的人通常都会被劈成两半。,杀戮开始了。,245,14.2,1000,5,35,35,6000,5;2;3;4;550;12;108,0,9,0,0,
10243,戒灵,4,0,10243,20026,2243,领主,戒灵,虚无,他们曾是大陆上最伟大和强壮的人类，但由于魔戒的诱惑堕落为虚无灵魂，是介于生死之间的可怕生物。,为了戒灵王。,320,14.2,1000,5,35,35,6000,10;2;3;4;550;12;108,0,8,0,1,
10244,戒灵王,5,0,10244,20026,2244,大领主,戒灵,虚无,9戒灵的首领人物，他拥有无法被MAN杀死的特殊能力……最终他死于WOMAN之手。。,品尝恐惧和绝望的滋味吧。,643,15.1,3000,5,10,10,18000,0;0;0;0;99;6;7,4,0,3,2,
10245,普京,5,0,10245,20023,2245,克格勃,人类,男,战斗民族的领袖，全能大帝。,有人反对吗？反对者在哪呢？,700,14.3,3000,5,4,4,18000,0;0;0;0;99;6;7,3,0,4,2,
10246,神关羽,5,0,10246,20027,2246,神战士,人类,男,关云长在身经百战以后得到了升华，战力方面大大提升。拥有能够与众神一战的力量。,此等小辈，插标卖首尔。,600,15.4,3000,5,4,4,18000,0;0;0;0;99;6;7,0,7,0,2,
10247,神张飞,5,0,10247,20027,2247,狂战士,人类,男,进入真正的狂战士状态。著名的军事家，书法家。在战斗方面能够胜过他的只有5人……,杀啊啊啊啊! ,750,14.9,3000,5,4,4,18000,0;0;0;0;99;6;7,7,0,0,2,
10248,蜀王刘备,5,0,10248,20027,2248,大领主,人类,男,自身能力平平却拥有强大的人格魅力，年轻时颠沛流离但最终也成就了一方霸业。,"惟贤惟德,仁服于人 。",357,15,3000,5,4,4,18000,0;0;0;0;49;3;3,0,0,7,2,
10249,亚瑟·戴恩,5,0,10249,0,2249,游侠,人类,男,传说中的剑圣，可以一边用右手尿尿，一边用左手干掉5个敌人。,信仰黎明之光吧。,472,15.5,3000,5,3,3,18000,0;0;0;0;49;3;3,0,1,6,2,
10250,盖亚,5,0,10250,0,2250,地母,神族,女,盖亚是大地之母，从伟大的虚无混沌之中诞生。不需要男性的介入，她生下了奥雷诺斯 (天空) 与蓬托斯 (海洋),感受大地之力。,800,16,3000,5,0,0,18000,0;0;0;0;0;0;0,2,2,2,2,
10251,魔化吕布,5,0,10251,0,2251,狂战士,人类,男,因为狂怒而失去了理性，堕落为真正的狂战士。同时也拥有了无人可档的力量。,谁敢与我大战300回合。,1000,16.3,3000,5,0,0,18000,0;0;0;0;0;0;0,4,5,0,5,
10252,志村新八,1,0,10252,20028,2252,废柴,人类,男,反射神经差，运动神经差，没有女人缘。特技是吐槽，歌手“寺门通”的铁杆粉丝。认真起来的话，剑技会大幅爆发。,真正重要的东西，总是没有的人比拥有的人清楚。,149,8.6,15,4,0,0,660000,1138;210;255;300;0;0;0,1,1,1,1,
10253,志村妙,1,0,10253,20028,2253,陪酒女,人类,女,拿手的菜是鸡蛋烧，武器是鸡蛋烧。只要是在锅里煎过的鸡蛋，不管变成什么样子都是煎鸡蛋哦！,真正重要的东西，总是没有的人比拥有的人清楚。,170,10.7,15,4,0,0,660000,1138;210;255;300;0;0;0,1,1,1,1,
10254,艾锐尔米亚,2,0,10254,20015,2254,贤者,元素生物,虚无,米亚家族的小儿子能够操控光明之息，是光明之界的王者，同时也是光之族的偏神。,光明赐予我力量。,200,9.7,50,5,20,20,100,178;50;70;90;8325;462;0,1,1,1,1,
10255,小乔,2,0,10255,20018,2255,乐师,人类,女,小乔国色流离，资貌绝伦。后嫁与才俊周公瑾，谓英雄美女，天作之合。,失礼了。,208,12.2,50,5,20,20,100,178;50;70;90;8325;462;0,0,0,0,3,
10256,托尔,3,0,10256,20016,2256,战士,永恒,男,使用锥子做为武器的肌肉男，能够引导闪电的力量。,闪电将听从我的召唤。,106,13.2,250,5,10,10,500,31;7;10;15;2998;135;500,2,2,3,0,
10257,黑龙奥萨拉,3,0,10257,20025,2257,龙,龙,无,火山怒龙的统领者。周身布满纯黑色的美丽鳞片。,让火焰净化一切。,394,11.8,250,5,10,10,500,31;7;10;15;2998;135;500,0,7,0,0,
10258,真·亚瑟,4,0,10258,20017,2258,大领主,人类,男,圆桌骑士团的首领，据说他持有一把圣剑，能够驱逐以太潮汐带来的影响。,信仰圣光吧。,315,14.2,1000,5,35,35,6000,0;2;3;4;550;12;108,4,0,3,2,
10259,羊咩咩,4,0,10259,0,2259,吉祥物,咩星人,无,愿世界和平，祝大家幸福~咩~（2015羊年绝版纪念）,愿世界和平，祝大家幸福~咩~,300,15,1000,5,0,0,6000,0;0;0;0;0;0;0,2,2,2,2,
10260,大白,3,0,10260,0,2270,私人健康顾问,机器人,无,科学家研发的“私人健康顾问”,●-●,250,14.2,250,5,0,0,500,0;0;0;0;0;0;0,1,1,1,1,
10261,路飞,4,0,10261,40031,1170,海贼,人类,男,草帽海贼团船长。梦想是找到传说中的ONE PIECE，成为海贼王。,我是要成为海贼王的男人！,315,14,1000,5,35,35,6000,0;2;3;4;550;12;108,0,4,0,5,
10262,娜美,4,0,10263,40031,1171,海贼,人类,女,草帽海贼团的航海士。精通气象学和航海术，是个能精确画出航海图的天才航海士。,我只喜欢钱和橘子,310,14.1,1000,5,35,35,6000,0;2;3;4;550;12;108,3,1,3,2,
10263,索隆,4,0,10264,40031,1174,海贼,人类,男,草帽海贼团中的战斗员，是悬赏过亿武艺高强的三刀流剑士，能够自由操纵三把刀战斗。,我要成为世界第一剑豪,352,14,1000,5,35,35,6000,0;2;3;4;550;12;108,2,2,2,3,
10264,山治,4,0,10267,40031,1173,海贼,人类,男,草帽海贼团厨师，香烟不离口，最爱女人，很花心但很有风度，海贼中的绅士。,能原谅女人谎话的才是男人!,349,14,1000,5,35,35,6000,0;2;3;4;550;12;108,4,1,4,0,
10265,白胡子,5,0,10269,0,1175,海贼,人类,男,“四皇”之一，白胡子海贼团的船长，拥有最强超人系震动果实的能力者，使用武器为薙刀。,做我的儿子吧！！！,858,13.7,3000,5,8,8,18000,0;0;0;0;99;6;7,1,2,1,4,
10266,犬冢牙,3,0,10270,0,1179,忍者,人类,男,木叶隐村内，犬冢一族的族人。个性非常的好动、好强，有自信，喜好充当别人的领袖。,"哟,早晨,我迷路了~",172,11.8,250,5,10,10,500,31;7;10;15;2998;135;500,1,1,1,1,
10267,漩涡雏田,4,0,10271,20029,1183,忍者,人类,女,木叶名门日向一族宗家的嫡长女，原本是个性格柔弱的女孩，但是在鸣人的影响下逐渐变得坚强。,你能帮助我修行吗？,332,14,1000,5,25,25,6000,0;2;3;4;550;12;108,2,1,3,1,
10268,春野樱,3,0,10272,20030,1178,忍者,人类,女,五代目火影纲手的弟子，具有良好的查克拉控制能力与清晰的脑力，擅长怪力与医疗忍术以及解除幻术。,没时间开玩笑了。,164,13,250,5,10,10,500,31;7;10;15;2998;135;500,1,1,1,1,
10269,漩涡鸣人,4,0,10273,20030,1184,忍者,人类,男,火之国木叶隐村的忍者，决心要成为火影，让所有人都认同他的存在。,我可是要成为火影的男人！,275,14.6,1000,5,30,30,6000,0;2;3;4;550;12;108,1,3,1,2,
10270,宇智波佐助,4,0,10274,20030,1176,忍者,人类,男,宇智波一族的天才忍者，年幼时目睹宇智波一族被哥哥宇智波鼬所灭，从而走上复仇之路。,切!无聊!,355,13.8,1000,5,30,30,6000,0;2;3;4;550;12;108,3,1,2,1,
10271,宇智波鼬,5,0,10275,40034,1177,忍者,人类,男,佐助的哥哥，木叶在晓组织的卧底。实力超高，精通幻术。,我愚蠢的弟弟啊。,885,14,3000,5,10,10,18000,0;0;0;0;106;6;7,1,0,9,0,
10272,迪达拉,5,0,10276,40034,1181,忍者,人类,男,晓组织成员之一，代号青。土之国·岩隐村第三代土影两天秤大野木的徒弟。,欣赏瞬间美丽的艺术吧。,558,15,3000,5,12,12,18000,0;0;0;0;99;6;7,4,1,2,1,
10273,赤砂之蝎,5,0,10277,40034,1180,忍者,人类,男,晓组织成员之一，代号玉。被誉为天才傀儡造型师，人称“赤砂之蝎”。,艺术是永恒之美。,532,14.9,3000,5,11,11,18000,0;0;0;0;99;6;7,2,4,1,1,
10274,干柿鬼鲛,5,0,10278,40034,1182,忍者,人类,男,晓组织成员之一，代号南，原本是雾隐村的忍者，也是“忍刀七人众”的一员。,鲛肌饿了！,513,15,3000,5,11,11,18000,0;0;0;0;99;6;7,3,3,1,1,
10275,乔巴,4,0,40030,40031,1172,海贼,驯鹿,男,乔巴是草帽海贼团的船医，吃了人人果实的驯鹿能力者。世上唯一一只会说话的驯鹿! ,我不是狸猫啦，你看，我有角！ ,162,12.5,1000,5,30,30,6000,0;2;3;4;550;12;108,1,4,2,0,
10276,美国队长,4,0,40015,40020,1187,超级士兵,人类,男,爱国主义、超常体能、常年蓝白红紧身衣、高强度金属盾、一觉睡了70年的男人，是队友贴给他的QQ好友印象。,我揍了元首200多次了！,268,14.5,1000,5,30,30,6000,0;2;3;4;550;12;108,2,2,2,2,
10277,钢铁侠,4,0,40016,40020,1186,天才高富帅,人类,男, 高富帅兼天才发明家，制造了一套高科技盔甲，伸张正义的同时，还经常卖个萌。,我是天才，百万富翁，花花公子，慈善家。,277,14.4,1000,5,30,30,6000,0;2;3;4;550;12;108,3,3,1,1,
10278,绿巨人,5,0,40017,40020,1185,科学家,人类,男,受到伽马射线的洗礼，一旦危险和愤怒就会变身，然后就把所有航空母舰、半神族、外星生物当做泥土来砸，然后就没有然后了。,呜哇哇！,333,19.2,3000,5,12,12,18000,0;0;0;0;99;6;7,1,5,1,1,
10279,雷神托尔,4,0,40018,40020,1188,雷神,半神族,男,抱着锤子睡觉，高举锤子引雷，旋转锤子飞行，作为奥丁之子的他还挨了绿巨人不少老拳。,雷公助我！,398,13.5,1000,5,30,30,6000,0;2;3;4;550;12;108,1,3,1,3,
10280,黑寡妇,4,0,40019,40020,1189,间谍,人类,女,作为神盾局的精英特工，世界顶级刺客的娜塔莎所借助的武器，不单是她性感的外表或不凡的身手，还有她思维敏捷的头脑。,嗯？你真觉得我很漂亮~么？,255,13.8,1000,5,30,30,6000,0;2;3;4;550;12;108,5,0,3,0,
10281,草薙京,5,0,40021,0,1190,格斗家,人类,男,-,-,500,12.1,3000,5,0,0,18000,0;0;0;0;0;0;0,0,2,2,4,
10282,八神庵,5,0,40022,0,1191,格斗家,人类,男,-,-,500,12.1,3000,5,0,0,18000,0;0;0;0;0;0;0,1,2,1,4,
10283,不知火舞,4,0,40023,0,1192,格斗家,人类,女,每次在她放超必杀的时，总是看的特别认真。默默的注视着她的胜利动作而不跳过画面。,安迪~~~,400,12.3,1000,5,0,0,6000,0;0;0;0;0;0;0,2,0,4,0,
10284,浦饭幽助,5,0,40025,40029,1193,灵界侦探,人魔,男,牛逼于灵界和魔界的超级不良少年，有正义感，重视友情，魔界“斗神”雷禅的转世。,灵———丸！！,600,16,3000,5,10,10,18000,0;0;0;0;99;6;7,0,4,0,5,
10285,桑原和真,4,0,40026,40029,1194,国中生,人类,男,头脑简单，身骨耐打，爱猫主义者，灵感力强。能用次元刀切开亚空间和灵界最强结界。,永吉，你在哪里？,398,13.3,1000,5,30,30,6000,0;2;3;4;550;12;108,1,8,0,0,
10286,藏马,4,0,40027,40029,1195,盗贼,妖狐,男,容貌美艳，头脑冷静，智慧过人，温和儒雅，可以变身为妖狐的S级妖怪，有银发金眸和长耳尾巴等特征。一定是可爱的男孩纸~,我拒绝。,520,12.5,1000,5,30,30,6000,0;2;3;4;550;12;108,2,2,2,2,
10287,飞影,4,0,40028,40029,1196,邪眼师,妖怪,男,5岁时达到了A级妖怪的他集狂拽霸酷屌炸天于一身，并且是个妹控。,……,420,13.5,1000,5,30,30,6000,0;2;3;4;550;12;108,5,0,4,0,
10288,马里奥,5,0,40032,40035,1197,水管工,人类,男,专注顶砖块100年从来不头疼。,嗨！大家好！我是Super Mario！,495,10.5,3000,5,10,10,18000,0;0;0;0;99;6;7,1,2,3,4,
10289,耀西,4,0,40033,40035,1198,坐骑,龙,无,大大的鼻子，以及能伸长的大舌头，萌萌哒~,哇啵~,405,10.5,1000,5,36,36,6000,0;2;3;4;550;12;108,2,3,3,0,
10290,史莱姆70关纪念品,5,0,0,0,1083,标本,史莱姆,无,“我为纪念第一波通过70关的冒险家而来，听说我们有好多家族成员”。,你好啊，冒险家。,10,17,3000,5,0,0,18000,0;0;0;0;0;0;0,1,1,1,1,
10291,史莱姆60关纪念品,4,0,0,0,1087,标本,史莱姆,无,“我为纪念第一波通过60关的冒险家而来，听说我们有好多家族成员”。,你好啊，冒险家。,10,16,1000,5,0,0,6000,0;0;0;0;0;0;0,1,1,1,1,
10292,史莱姆50关纪念品,3,0,0,0,1087,标本,史莱姆,无,“我为纪念第一波通过50关的冒险家而来，听说我们有好多家族成员”。,你好啊，冒险家。,10,15,250,5,0,0,500,0;0;0;0;0;0;0,1,1,1,1,
10293,赵日天,5,0,40047,0,2035,“魔神”,人类,男,“混沌之精”赵老汉之子。具有赵老汉亿分之一的战力，自称屠遍三界，实力高深莫测。就读于狼牙区飞虎路私立断罪小学四年级。,我赵日天第一个表示不服！！,999,10,3000,5,8,8,18000,0;0;0;0;99;6;7,5,0,0,4,
10294,叶良辰,4,0,40048,0,1049,红人,人类,男,不要解雇叶良辰，他日，必有重谢。,你只要记住，我叫叶良辰。,333,11,1000,5,18,18,6000,0;2;3;4;550;12;108,0,3,2,3,
10295,孙悟空,5,0,40049,40051,2261,龙珠收集者,赛亚人,男,纯洁到可以乘坐筋斗云的赛亚人，宇宙最强的战士。,你们都不要插手！这家伙我一个人就够了！,454,18,3000,5,8,8,18000,0;0;0;0;99;6;7,3,0,3,3,
10296,贝吉塔,4,0,40050,40051,2262,王子,赛亚人,男,赛亚人王子，拥有极强的自尊心，死傲娇。在追赶孙悟空的过程中，实力虽然远走越远，但是心却越走越近。,哼！,699,11,1000,5,18,18,6000,0;2;3;4;550;12;108,2,2,4,2,
10297,达芬奇,4,0,40054,40058,2265,忍者,龟,男,喜欢“孙子兵法”的忍者龟。,嘘...我闻到一股气体的味道…,415,12,1000,5,38,38,6000,0;2;3;4;550;12;108,3,0,5,0,
10298,拉斐尔,4,0,40055,40058,2266,忍者,龟,男,性格火爆，但正直善良，嫉恶如仇。偶尔也会行事鲁莽，在斯普林特老师的教导下，渐渐领悟了作为一名忍者的必要修为。,恩?,433,12,1000,5,38,38,6000,0;2;3;4;550;12;108,2,0,6,0,
10299,米开朗基罗,4,0,40056,40058,2267,忍者,龟,男,忍者龟中最孩子气的一个，言行幽默，随和体贴。最爱的食物是比萨饼。,我是最漂亮的一个!,427,12,1000,5,38,38,6000,0;2;3;4;550;12;108,5,0,3,0,
10300,多纳泰罗,4,0,40057,40058,2268,忍者,龟,男,被人们称作“爱因斯坦”的天才极客忍者龟。喜欢独立思考和修理机器。,我要回实验室去了，多保重！,456,12,1000,5,38,38,6000,0;2;3;4;550;12;108,0,7,0,2,
10301,史莱德,5,0,40052,0,2263,毁灭者,外星人,男,邪恶的头盔与面具是他的标志，眼睛露出一丝邪恶的光芒，很少有人知道他到底长成什么样子。,征服世界！,437,17,3000,5,8,8,18000,0;0;0;0;99;6;7,4,4,0,0,
10302,斯普林特,5,0,40053,0,2264,忍者训练师,突变人,男,由于接触变异剂而变成老鼠形体的忍术大师。是忍者神龟们最敬爱的慈父严师。,我必须在这里静坐，嗯……,355,17,3000,5,8,8,18000,0;0;0;0;99;6;7,0,4,4,0,
16201,黑铁魔像,4,0,40001;40002,0,3005,-,-,-,挖矿出现的boss,,10,10,1000,5,0,0,6000,0;0;0;0;0;0;0,2,2,2,2,出战
16202,狩猎团,4,0,0,0,3001,-,-,-,挖矿出现的boss,,10,10,1000,5,0,0,6000,0;0;0;0;0;0;0,2,2,2,2,
16203,深红之王,4,0,40003;40004,0,3006,-,-,-,挖矿出现的boss,,10,10,1000,5,0,0,6000,0;0;0;0;0;0;0,2,2,2,2,出战
16204,琉璃之王,4,0,40005;40006,0,3004,-,-,-,挖矿出现的boss,,10,10,1000,5,0,0,6000,0;0;0;0;0;0;0,2,2,2,2,出战
16205,光之王,4,0,40007;40008,0,3002,-,-,-,挖矿出现的boss,,10,10,1000,5,0,0,6000,0;0;0;0;0;0;0,2,2,2,2,出战
16206,影之王,4,0,40009;40010,0,3003,-,-,-,挖矿出现的boss,,10,10,1000,5,0,0,6000,0;0;0;0;0;0;0,2,2,2,2,出战
18001,BOSS1,5,0,10077,0,3101,-,-,-,关卡副本敌人,,10,10,3000,5,0,0,18000,0;0;0;0;0;0;0,2,2,2,2,出战
18002,BOSS2,5,0,40001,0,3102,-,-,-,关卡副本敌人,,10,10,3000,5,0,0,18000,0;0;0;0;0;0;0,2,2,2,2,出战
18003,BOSS3,5,0,40002,0,3103,-,-,-,关卡副本敌人,,10,10,3000,5,0,0,18000,0;0;0;0;0;0;0,2,2,2,2,出战
18004,BOSS4,5,0,40001;40002,0,3104,-,-,-,关卡副本敌人,,10,10,3000,5,0,0,18000,0;0;0;0;0;0;0,2,2,2,2,出战
18005,BOSS5,5,0,40001;40002,0,3105,-,-,-,关卡副本敌人,,10,10,3000,5,0,0,18000,0;0;0;0;0;0;0,2,2,2,2,出战
18006,BOSS6,5,0,40007,0,3106,-,-,-,关卡副本敌人,,10,10,3000,5,0,0,18000,0;0;0;0;0;0;0,2,2,2,2,出战
18007,BOSS7,5,0,40001;40002,0,3107,-,-,-,关卡副本敌人,,10,10,3000,5,0,0,18000,0;0;0;0;0;0;0,2,2,2,2,出战
18008,BOSS8,5,0,40001;40006,0,3108,-,-,-,关卡副本敌人,,10,10,3000,5,0,0,18000,0;0;0;0;0;0;0,2,2,2,2,出战
18009,虚空星兽,5,0,30006;30006;30006,0,3101,-,-,-,关卡副本敌人,,10,10,3000,5,0,0,18000,0;0;0;0;0;0;0,2,2,2,2,出战
18010,混沌领主,5,0,40011;40012,0,3105,-,-,-,关卡副本敌人,,10,10,3000,5,0,0,18000,0;0;0;0;0;0;0,2,2,2,2,出战
18011,始祖魔物,5,0,40001;40012;40012;40012;40012,0,3102,-,-,-,关卡副本敌人,,10,10,3000,5,0,0,18000,0;0;0;0;0;0;0,2,2,2,2,出战
18012,海神利威亚桑,5,0,40001;40002;40013;40013;40013;40013;40013,0,3104,-,-,-,关卡副本敌人,,10,10,3000,5,0,0,18000,0;0;0;0;0;0;0,2,2,2,2,出战
51001,魔化村民,0,2,10015,0,1061,-,-,-,关卡副本敌人,,10,10,5,5,0,0,660000,0;0;0;0;0;0;0,1,1,1,1,出战
51002,贝拉,0,2,10015,0,1072,-,-,-,关卡副本敌人,,10,10,5,5,0,0,660000,0;0;0;0;0;0;0,1,1,1,1,出战
51004,穴居恶魔,0,2,10035,0,1096,-,-,-,关卡副本敌人,,10,10,5,5,0,0,660000,0;0;0;0;0;0;0,1,1,1,1,出战
51005,森林座狼,0,2,10095,0,1047,-,-,-,关卡副本敌人,,10,10,5,5,0,0,660000,0;0;0;0;0;0;0,1,1,1,1,出战
51007,怪物2,0,2,10050,0,1007,-,-,-,关卡副本敌人,,10,10,5,5,0,0,660000,0;0;0;0;0;0;0,1,1,1,1,出战
51033,怪物28,0,2,10035,0,1042,-,-,-,关卡副本敌人,,10,10,5,5,0,0,660000,0;0;0;0;0;0;0,1,1,1,1,出战
51035,怪物30,0,2,10013,0,1044,-,-,-,关卡副本敌人,,10,10,5,5,0,0,660000,0;0;0;0;0;0;0,1,1,1,1,出战
51036,怪物31,0,2,10013,0,1045,-,-,-,关卡副本敌人,,10,10,5,5,0,0,660000,0;0;0;0;0;0;0,1,1,1,1,出战
51039,怪物34,0,2,10050,0,1049,-,-,-,关卡副本敌人,,10,10,5,5,0,0,660000,0;0;0;0;0;0;0,1,1,1,1,出战
51042,怪物37,0,2,10063,0,1054,-,-,-,关卡副本敌人,,10,10,5,5,0,0,660000,0;0;0;0;0;0;0,1,1,1,1,出战
51044,怪物39,0,2,10063,0,1056,-,-,-,关卡副本敌人,,10,10,5,5,0,0,660000,0;0;0;0;0;0;0,1,1,1,1,出战
51045,怪物40,0,2,10015,0,1057,-,-,-,关卡副本敌人,,10,10,5,5,0,0,660000,0;0;0;0;0;0;0,1,1,1,1,出战
51046,怪物41,0,2,10035,0,1058,-,-,-,关卡副本敌人,,10,10,5,5,0,0,660000,0;0;0;0;0;0;0,1,1,1,1,出战
51047,怪物42,0,2,10092,0,1059,-,-,-,关卡副本敌人,,10,10,5,5,0,0,660000,0;0;0;0;0;0;0,1,1,1,1,出战
51048,怪物43,0,2,10092,0,1060,-,-,-,关卡副本敌人,,10,10,5,5,0,0,660000,0;0;0;0;0;0;0,1,1,1,1,出战
51049,怪物44,0,2,10093,0,1062,-,-,-,关卡副本敌人,,10,10,5,5,0,0,660000,0;0;0;0;0;0;0,1,1,1,1,出战
51050,怪物45,0,2,10060,0,1063,-,-,-,关卡副本敌人,,10,10,5,5,0,0,660000,0;0;0;0;0;0;0,1,1,1,1,出战
51055,怪物50,0,2,30006,0,1068,-,-,-,关卡副本敌人,,10,10,5,5,0,0,660000,0;0;0;0;0;0;0,1,1,1,1,出战
51056,怪物51,0,2,30006,0,1069,-,-,-,关卡副本敌人,,10,10,5,5,0,0,660000,0;0;0;0;0;0;0,1,1,1,1,出战
51058,怪物53,0,2,30006,0,1071,-,-,-,关卡副本敌人,,10,10,5,5,0,0,660000,0;0;0;0;0;0;0,1,1,1,1,出战
51059,怪物54,0,2,10092,0,1074,-,-,-,关卡副本敌人,,10,10,5,5,0,0,660000,0;0;0;0;0;0;0,1,1,1,1,出战
51060,怪物55,0,2,30006,0,1075,-,-,-,关卡副本敌人,,10,10,5,5,0,0,660000,0;0;0;0;0;0;0,1,1,1,1,出战
51061,怪物56,0,2,10086,0,1076,-,-,-,关卡副本敌人,,10,10,5,5,0,0,660000,0;0;0;0;0;0;0,1,1,1,1,出战
51062,怪物57,0,2,10037,0,1077,-,-,-,关卡副本敌人,,10,10,5,5,0,0,660000,0;0;0;0;0;0;0,1,1,1,1,出战
51064,怪物59,0,2,10063,0,1079,-,-,-,关卡副本敌人,,10,10,5,5,0,0,660000,0;0;0;0;0;0;0,1,1,1,1,出战
51066,怪物61,0,2,10087,0,1081,-,-,-,关卡副本敌人,,10,10,5,5,0,0,660000,0;0;0;0;0;0;0,1,1,1,1,出战
51067,怪物62,0,2,10091,0,1083,-,-,-,关卡副本敌人,,10,10,5,5,0,0,660000,0;0;0;0;0;0;0,1,1,1,1,出战
51068,怪物63,0,2,10101,0,1084,-,-,-,关卡副本敌人,,10,10,5,5,0,0,660000,0;0;0;0;0;0;0,1,1,1,1,出战
51069,怪物64,0,2,10087,0,1085,-,-,-,关卡副本敌人,,10,10,5,5,0,0,660000,0;0;0;0;0;0;0,1,1,1,1,出战
51070,怪物65,0,2,10091,0,1087,-,-,-,关卡副本敌人,,10,10,5,5,0,0,660000,0;0;0;0;0;0;0,1,1,1,1,出战
51071,怪物66,0,2,10101,0,1088,-,-,-,关卡副本敌人,,10,10,5,5,0,0,660000,0;0;0;0;0;0;0,1,1,1,1,出战
51072,怪物67,0,2,10092,0,1089,-,-,-,关卡副本敌人,,10,10,5,5,0,0,660000,0;0;0;0;0;0;0,1,1,1,1,出战
51073,怪物68,0,2,10087,0,1090,-,-,-,关卡副本敌人,,10,10,5,5,0,0,660000,0;0;0;0;0;0;0,1,1,1,1,出战
51074,怪物69,0,2,10082,0,1091,-,-,-,关卡副本敌人,,10,10,5,5,0,0,660000,0;0;0;0;0;0;0,1,1,1,1,出战
51075,怪物70,0,2,40013,0,1092,-,-,-,关卡副本敌人,,10,10,5,5,0,0,660000,0;0;0;0;0;0;0,1,1,1,1,出战
51076,怪物71,0,2,10015,0,1093,-,-,-,关卡副本敌人,,10,10,5,5,0,0,660000,0;0;0;0;0;0;0,1,1,1,1,出战
51077,怪物72,0,2,30006,0,1094,-,-,-,关卡副本敌人,,10,10,5,5,0,0,660000,0;0;0;0;0;0;0,1,1,1,1,出战
51129,怪物124,0,2,10096,0,1167,-,-,-,关卡副本敌人,,10,10,5,5,0,0,660000,0;0;0;0;0;0;0,1,1,1,1,出战
51131,怪物路西法,5,2,10054;10054;10054;10054;10054,0,2014,-,-,-,关卡副本敌人,,10,10,3000,5,0,0,18000,0;0;0;0;0;0;0,2,2,2,2,出战
51132,大天使,3,2,40013;40013;40013;40013,0,2229,大天使,天使,女,守护着卡萨雷多圣地的大天使。,我将永远守护卡萨雷多圣地。,10,10,250,5,0,0,500,0;0;0;0;0;0;0,1,1,1,1,出战
51133,万物初始,0,2,40012,0,1076,-,-,-,关卡副本敌人,,10,10,5,5,0,0,660000,0;0;0;0;0;0;0,1,1,1,1,出战
51134,初始凶兽,0,2,40012;40004,0,2242,-,-,-,关卡副本敌人,,10,10,5,5,0,0,660000,0;0;0;0;0;0;0,1,1,1,1,出战
51135,碧蓝幼龙,0,2,40014,0,1169,-,-,-,关卡副本敌人,,10,10,5,5,0,0,660000,0;0;0;0;0;0;0,1,1,1,1,出战
51136,神殿守卫,0,2,20008;10254,0,2242,-,-,-,关卡副本敌人,,10,10,5,5,0,0,660000,0;0;0;0;0;0;0,1,1,1,1,出战
51137,奥黛雷赫,0,2,10229;10229;10229;10229;10229;10229;10229;10229;10229;10229,0,1167,-,-,-,关卡副本敌人,,10,10,5,5,0,0,660000,0;0;0;0;0;0;0,1,1,1,1,出战
51138,怪物67,0,2,40013,0,1089,-,-,-,关卡副本敌人,,10,10,5,5,0,0,660000,0;0;0;0;0;0;0,1,1,1,1,出战
51139,始祖鱼人,0,2,40013,0,1094,-,-,-,关卡副本敌人,,10,10,5,5,0,0,660000,0;0;0;0;0;0;0,1,1,1,1,出战
51140,迷之首领,0,2,40013;40013;40013;40013;40011;40008;40008;40008;40008;40008;40008,0,1054,-,-,-,关卡副本敌人,,10,10,5,5,0,0,660000,0;0;0;0;0;0;0,1,1,1,1,出战
51141,迷之魔物,0,2,40013;40013;40002,0,1074,-,-,-,关卡副本敌人,,10,10,5,5,0,0,660000,0;0;0;0;0;0;0,1,1,1,1,出战
51142,魔王,0,2,40004,0,1090,-,-,-,关卡副本敌人,,10,10,5,5,0,0,660000,0;0;0;0;0;0;0,1,1,1,1,出战
51143,杰克船长,0,2,30003;30003;30003,0,2032,-,-,-,关卡副本敌人,,10,10,5,5,0,0,660000,0;0;0;0;0;0;0,1,1,1,1,出战
51144,杰克船长2,0,2,40013,0,2206,-,-,-,关卡副本敌人,,10,10,5,5,0,0,660000,0;0;0;0;0;0;0,1,1,1,1,出战
51145,彪悍的厨师,0,2,40013;40013;40013;40013;20009;20009;20009;20009;20009;20009;20009,0,2012,-,-,-,关卡副本敌人,,10,10,5,5,0,0,660000,0;0;0;0;0;0;0,1,1,1,1,出战
51146,准入系统,0,2,40004;40004;40009;40009;40004;40013;20009;20009;20009;20009;20009;20009;20009,0,2035,-,-,-,关卡副本敌人,,10,10,5,5,0,0,660000,0;0;0;0;0;0;0,1,1,1,1,出战
51147,趁火打劫,0,2,40008;40008;40004;40004;40009;40009;40004;40013;20009;20009;20009;20009;20009;20009;20009,0,2032,-,-,-,关卡副本敌人,,10,10,5,5,0,0,660000,0;0;0;0;0;0;0,1,1,1,1,出战
51148,虚空教堂,0,2,10087,0,1023,-,-,-,关卡副本敌人,,10,10,5,5,0,0,660000,0;0;0;0;0;0;0,1,1,1,1,出战
51149,救世之路,0,2,40013,0,2014,-,-,-,关卡副本敌人,,10,10,5,5,0,0,660000,0;0;0;0;0;0;0,1,1,1,1,出战
123457,绝灭,5,2,40003;40004,0,3006,-,-,-,秘境守卫,-,10,10,5,5,0,0,999999,0;0;0;0;0;0;0,0,0,0,0,出战
123458,奥拉什,5,2,40009;40010,0,3003,-,-,-,秘境守卫,-,10,10,5,5,0,0,999999,0;0;0;0;0;0;0,0,0,0,0,出战
123459,急冻魔,5,2,40043;40043;40044,0,3105,-,-,-,秘境守卫,-,10,10,5,5,0,0,999999,0;0;0;0;0;0;0,0,0,0,0,出战
123460,塑沙者,5,2,40045;40045;40045;40045,0,1067,-,-,-,秘境守卫,-,10,10,5,5,0,0,999999,0;0;0;0;0;0;0,0,0,0,0,出战
123461,缠丝女魔,5,2,40001;40002,0,3107,-,-,-,秘境守卫,-,10,10,5,5,0,0,999999,0;0;0;0;0;0;0,0,0,0,0,出战
123462,贪食魔,5,2,40001;40006,0,3108,-,-,-,秘境守卫,-,10,10,5,5,0,0,999999,0;0;0;0;0;0;0,0,0,0,0,出战
123463,佩伦迪,5,2,40001;40012;40012;40012;40012,0,3102,-,-,-,秘境守卫,-,10,10,5,5,0,0,999999,0;0;0;0;0;0;0,0,0,0,0,出战
123464,白骨术士,5,2,10243;10243;10243;10243;10243;10243;10243;10243;10243;10243,0,2243,-,-,-,秘境守卫,-,10,10,5,5,0,0,999999,0;0;0;0;0;0;0,0,0,0,0,出战
123465,狂屠,5,2,40001;40006,0,3108,-,-,-,秘境守卫,-,10,10,5,5,0,0,999999,0;0;0;0;0;0;0,0,0,0,0,出战
123466,凝霜,5,2,40043;40043;40043;40044;40044,0,3004,-,-,-,秘境守卫,-,10,10,5,5,0,0,999999,0;0;0;0;0;0;0,0,0,0,0,出战
123467,岩石咏唱者,5,2,40046;40046;40046;40046,0,3101,-,-,-,秘境守卫,-,10,10,5,5,0,0,999999,0;0;0;0;0;0;0,0,0,0,0,出战
123468,炼狱侍女,5,2,10061;10108;10061;10108,0,1161,-,-,-,秘境守卫,-,10,10,5,5,0,0,999999,0;0;0;0;0;0;0,0,0,0,0,出战
123469,阿格尼多克斯,5,2,40007,0,3106,-,-,-,秘境守卫,-,10,10,5,5,0,0,999999,0;0;0;0;0;0;0,0,0,0,0,出战
123470,厄雷松,5,2,40001;40002,0,3005,-,-,-,秘境守卫,-,10,10,5,5,0,0,999999,0;0;0;0;0;0;0,0,0,0,0,出战
123471,钥匙守护者,5,2,40007;40007;40008;40008,0,3002,-,-,-,秘境守卫,-,10,10,5,5,0,0,999999,0;0;0;0;0;0;0,0,0,0,0,出战
123472,疯狂的魔像,5,2,40036,0,3102,-,-,-,秘境守卫,-,10,10,5,5,0,0,999999,0;0;0;0;0;0;0,0,0,0,0,出战
123473,迷雾的魔像,5,2,40037,0,3102,-,-,-,秘境守卫,-,10,10,5,5,0,0,999999,0;0;0;0;0;0;0,0,0,0,0,出战
123474,狂暴的魔像,5,2,40038,0,3102,-,-,-,秘境守卫,-,10,10,5,5,0,0,999999,0;0;0;0;0;0;0,0,0,0,0,出战
123475,守卫的魔像,5,2,40039,0,3102,-,-,-,秘境守卫,-,10,10,5,5,0,0,999999,0;0;0;0;0;0;0,0,0,0,0,出战
123476,巨人的魔像,5,2,40040,0,3102,-,-,-,秘境守卫,-,10,10,5,5,0,0,999999,0;0;0;0;0;0;0,0,0,0,0,出战
123477,亡命的魔像,5,2,40041,0,3102,-,-,-,秘境守卫,-,10,10,5,5,0,0,999999,0;0;0;0;0;0;0,0,0,0,0,出战
123478,全能的魔像,5,2,40042,0,3102,-,-,-,秘境守卫,-,10,10,5,5,0,0,999999,0;0;0;0;0;0;0,0,0,0,0,出战
123479,特效1,2,0,1001,0,1004,剑客,人类,女,测试技能特效,测试技能特效,225,10.8,50,5,0,0,100,0;0;0;0;0;0;0,1,1,1,1,
123480,特效2,2,0,1002,0,1004,剑客,人类,女,测试技能特效,测试技能特效,225,10.8,50,5,0,0,100,0;0;0;0;0;0;0,1,1,1,1,
123481,特效3,2,0,1003,0,1004,剑客,人类,女,测试技能特效,测试技能特效,225,10.8,50,5,0,0,100,0;0;0;0;0;0;0,1,1,1,1,
123482,特效4,2,0,1004,0,1004,剑客,人类,女,测试技能特效,测试技能特效,225,10.8,50,5,0,0,100,0;0;0;0;0;0;0,1,1,1,1,
123483,特效5,2,0,1005,0,1004,剑客,人类,女,测试技能特效,测试技能特效,225,10.8,50,5,0,0,100,0;0;0;0;0;0;0,1,1,1,1,
123484,特效6,2,0,1006,0,1004,剑客,人类,女,测试技能特效,测试技能特效,225,10.8,50,5,0,0,100,0;0;0;0;0;0;0,1,1,1,1,
123485,特效7,2,0,1007,0,1004,剑客,人类,女,测试技能特效,测试技能特效,225,10.8,50,5,0,0,100,0;0;0;0;0;0;0,1,1,1,1,
123486,特效8,2,0,1008,0,1004,剑客,人类,女,测试技能特效,测试技能特效,225,10.8,50,5,0,0,100,0;0;0;0;0;0;0,1,1,1,1,
123487,特效9,2,0,1009,0,1004,剑客,人类,女,测试技能特效,测试技能特效,225,10.8,50,5,0,0,100,0;0;0;0;0;0;0,1,1,1,1,
123488,特效10,2,0,1010,0,1004,剑客,人类,女,测试技能特效,测试技能特效,225,10.8,50,5,0,0,100,0;0;0;0;0;0;0,1,1,1,1,
123489,特效11,2,0,1011,0,1004,剑客,人类,女,测试技能特效,测试技能特效,225,10.8,50,5,0,0,100,0;0;0;0;0;0;0,1,1,1,1,
123490,特效12,2,0,1012,0,1004,剑客,人类,女,测试技能特效,测试技能特效,225,10.8,50,5,0,0,100,0;0;0;0;0;0;0,1,1,1,1,
123491,特效13,2,0,1013,0,1004,剑客,人类,女,测试技能特效,测试技能特效,225,10.8,50,5,0,0,100,0;0;0;0;0;0;0,1,1,1,1,
123492,特效14,2,0,1014,0,1004,剑客,人类,女,测试技能特效,测试技能特效,225,10.8,50,5,0,0,100,0;0;0;0;0;0;0,1,1,1,1,
123493,特效15,2,0,1015,0,1004,剑客,人类,女,测试技能特效,测试技能特效,225,10.8,50,5,0,0,100,0;0;0;0;0;0;0,1,1,1,1,
123494,特效16,2,0,1016,0,1004,剑客,人类,女,测试技能特效,测试技能特效,225,10.8,50,5,0,0,100,0;0;0;0;0;0;0,1,1,1,1,
123495,特效17,2,0,1017,0,1004,剑客,人类,女,测试技能特效,测试技能特效,225,10.8,50,5,0,0,100,0;0;0;0;0;0;0,1,1,1,1,
123496,特效18,2,0,1018,0,1004,剑客,人类,女,测试技能特效,测试技能特效,225,10.8,50,5,0,0,100,0;0;0;0;0;0;0,1,1,1,1,
123497,特效19,2,0,1019,0,1004,剑客,人类,女,测试技能特效,测试技能特效,225,10.8,50,5,0,0,100,0;0;0;0;0;0;0,1,1,1,1,
123498,特效20,2,0,1020,0,1004,剑客,人类,女,测试技能特效,测试技能特效,225,10.8,50,5,0,0,100,0;0;0;0;0;0;0,1,1,1,1,
123499,特效21,2,0,1021,0,1004,剑客,人类,女,测试技能特效,测试技能特效,225,10.8,50,5,0,0,100,0;0;0;0;0;0;0,1,1,1,1,
123500,特效22,2,0,1022,0,1004,剑客,人类,女,测试技能特效,测试技能特效,225,10.8,50,5,0,0,100,0;0;0;0;0;0;0,1,1,1,1,
123501,特效23,2,0,1023,0,1004,剑客,人类,女,测试技能特效,测试技能特效,225,10.8,50,5,0,0,100,0;0;0;0;0;0;0,1,1,1,1,
123502,特效24,2,0,1024,0,1004,剑客,人类,女,测试技能特效,测试技能特效,225,10.8,50,5,0,0,100,0;0;0;0;0;0;0,1,1,1,1,
123503,特效25,2,0,1025,0,1004,剑客,人类,女,测试技能特效,测试技能特效,225,10.8,50,5,0,0,100,0;0;0;0;0;0;0,1,1,1,1,
123504,特效26,2,0,1026,0,1004,剑客,人类,女,测试技能特效,测试技能特效,225,10.8,50,5,0,0,100,0;0;0;0;0;0;0,1,1,1,1,
123505,特效27,2,0,1027,0,1004,剑客,人类,女,测试技能特效,测试技能特效,225,10.8,50,5,0,0,100,0;0;0;0;0;0;0,1,1,1,1,
123506,特效28,2,0,1028,0,1004,剑客,人类,女,测试技能特效,测试技能特效,225,10.8,50,5,0,0,100,0;0;0;0;0;0;0,1,1,1,1,
123507,特效29,2,0,1029,0,1004,剑客,人类,女,测试技能特效,测试技能特效,225,10.8,50,5,0,0,100,0;0;0;0;0;0;0,1,1,1,1,
123508,特效30,2,0,1030,0,1004,剑客,人类,女,测试技能特效,测试技能特效,225,10.8,50,5,0,0,100,0;0;0;0;0;0;0,1,1,1,1,
123509,特效31,2,0,1031,0,1004,剑客,人类,女,测试技能特效,测试技能特效,225,10.8,50,5,0,0,100,0;0;0;0;0;0;0,1,1,1,1,
123510,特效32,2,0,1032,0,1004,剑客,人类,女,测试技能特效,测试技能特效,225,10.8,50,5,0,0,100,0;0;0;0;0;0;0,1,1,1,1,
123511,特效33,2,0,1033,0,1004,剑客,人类,女,测试技能特效,测试技能特效,225,10.8,50,5,0,0,100,0;0;0;0;0;0;0,1,1,1,1,
123512,特效34,2,0,1034,0,1004,剑客,人类,女,测试技能特效,测试技能特效,225,10.8,50,5,0,0,100,0;0;0;0;0;0;0,1,1,1,1,
123513,特效35,2,0,1035,0,1004,剑客,人类,女,测试技能特效,测试技能特效,225,10.8,50,5,0,0,100,0;0;0;0;0;0;0,1,1,1,1,
123514,特效36,2,0,1036,0,1004,剑客,人类,女,测试技能特效,测试技能特效,225,10.8,50,5,0,0,100,0;0;0;0;0;0;0,1,1,1,1,
123515,特效37,2,0,1037,0,1004,剑客,人类,女,测试技能特效,测试技能特效,225,10.8,50,5,0,0,100,0;0;0;0;0;0;0,1,1,1,1,
123516,特效38,2,0,1038,0,1004,剑客,人类,女,测试技能特效,测试技能特效,225,10.8,50,5,0,0,100,0;0;0;0;0;0;0,1,1,1,1,
123517,特效39,2,0,1039,0,1004,剑客,人类,女,测试技能特效,测试技能特效,225,10.8,50,5,0,0,100,0;0;0;0;0;0;0,1,1,1,1,
123518,特效40,2,0,1040,0,1004,剑客,人类,女,测试技能特效,测试技能特效,225,10.8,50,5,0,0,100,0;0;0;0;0;0;0,1,1,1,1,
123519,特效41,2,0,1041,0,1004,剑客,人类,女,测试技能特效,测试技能特效,225,10.8,50,5,0,0,100,0;0;0;0;0;0;0,1,1,1,1,
123520,特效42,2,0,1042,0,1004,剑客,人类,女,测试技能特效,测试技能特效,225,10.8,50,5,0,0,100,0;0;0;0;0;0;0,1,1,1,1,
123521,特效43,2,0,1043,0,1004,剑客,人类,女,测试技能特效,测试技能特效,225,10.8,50,5,0,0,100,0;0;0;0;0;0;0,1,1,1,1,
123522,特效44,2,0,1044,0,1004,剑客,人类,女,测试技能特效,测试技能特效,225,10.8,50,5,0,0,100,0;0;0;0;0;0;0,1,1,1,1,
123523,特效45,2,0,1045,0,1004,剑客,人类,女,测试技能特效,测试技能特效,225,10.8,50,5,0,0,100,0;0;0;0;0;0;0,1,1,1,1,
123524,特效46,2,0,1046,0,1004,剑客,人类,女,测试技能特效,测试技能特效,225,10.8,50,5,0,0,100,0;0;0;0;0;0;0,1,1,1,1,
123525,特效47,2,0,1047,0,1004,剑客,人类,女,测试技能特效,测试技能特效,225,10.8,50,5,0,0,100,0;0;0;0;0;0;0,1,1,1,1,
123526,特效48,2,0,1048,0,1004,剑客,人类,女,测试技能特效,测试技能特效,225,10.8,50,5,0,0,100,0;0;0;0;0;0;0,1,1,1,1,
